brand,model,category,release_year,ram,cpu,screen_size,refresh_rate,main_camera,front_camera,battery_capacity,charging_speed,operating_system,case_size,case_material,band_material,display_type,water_resistance,battery_life,connectivity,compatible_os,accessory_type,compatibility,material,color,connector_type,warranty
Apple,iPhone X,Phone,2017,3GB,A11 Bionic,5.8 inches,60Hz,12MP+12MP (Wide+Telephoto),7MP,2716mAh,18W,iOS 11,,,,,,,,,,,,,,
Apple,iPhone XS,Phone,2018,4GB,A12 Bionic,5.8 inches,60Hz,12MP+12MP (Wide+Telephoto),7MP,2658mAh,18W,iOS 12,,,,,,,,,,,,,,
Apple,iPhone XS Max,Phone,2018,4GB,A12 Bionic,6.5 inches,60Hz,12MP+12MP (Wide+Telephoto),7MP,3174mAh,18W,iOS 12,,,,,,,,,,,,,,
Apple,iPhone XR,Phone,2018,3GB,A12 Bionic,6.1 inches,60Hz,12MP (Wide),7MP,2942mAh,18W,iOS 12,,,,,,,,,,,,,,
Apple,iPhone 11,Phone,2019,4GB,A13 Bionic,6.1 inches,60Hz,12MP+12MP (Wide+Ultra Wide),12MP,3110mAh,18W,iOS 13,,,,,,,,,,,,,,
Apple,iPhone 11 Pro,Phone,2019,4GB,A13 Bionic,5.8 inches,60Hz,12MP+12MP+12MP (Wide+Ultra Wide+Telephoto),12MP,3046mAh,18W,iOS 13,,,,,,,,,,,,,,
Apple,iPhone 11 Pro Max,Phone,2019,4GB,A13 Bionic,6.5 inches,60Hz,12MP+12MP+12MP (Wide+Ultra Wide+Telephoto),12MP,3969mAh,18W,iOS 13,,,,,,,,,,,,,,
Apple,iPhone SE (2020),Phone,2020,3GB,A13 Bionic,4.7 inches,60Hz,12MP (Wide),7MP,1821mAh,18W,iOS 13,,,,,,,,,,,,,,
Apple,iPhone 12,Phone,2020,4GB,A14 Bionic,6.1 inches,60Hz,12MP+12MP (Wide+Ultra Wide),12MP,2815mAh,20W,iOS 14,,,,,,,,,,,,,,
Apple,iPhone 12 mini,Phone,2020,4GB,A14 Bionic,5.4 inches,60Hz,12MP+12MP (Wide+Ultra Wide),12MP,2227mAh,20W,iOS 14,,,,,,,,,,,,,,
Apple,iPhone 12 Pro,Phone,2020,6GB,A14 Bionic,6.1 inches,60Hz,12MP+12MP+12MP (Wide+Ultra Wide+Telephoto) + LiDAR,12MP,2815mAh,20W,iOS 14,,,,,,,,,,,,,,
Apple,iPhone 12 Pro Max,Phone,2020,6GB,A14 Bionic,6.7 inches,60Hz,12MP+12MP+12MP (Wide+Ultra Wide+Telephoto) + LiDAR,12MP,3687mAh,20W,iOS 14,,,,,,,,,,,,,,
Apple,iPhone 13,Phone,2021,4GB,A15 Bionic,6.1 inches,60Hz,12MP+12MP (Wide+Ultra Wide),12MP,3227mAh,20W,iOS 15,,,,,,,,,,,,,,
Apple,iPhone 13 mini,Phone,2021,4GB,A15 Bionic,5.4 inches,60Hz,12MP+12MP (Wide+Ultra Wide),12MP,2406mAh,20W,iOS 15,,,,,,,,,,,,,,
Apple,iPhone 13 Pro,Phone,2021,6GB,A15 Bionic,6.1 inches,120Hz,12MP+12MP+12MP (Wide+Ultra Wide+Telephoto) + LiDAR,12MP,3095mAh,20W,iOS 15,,,,,,,,,,,,,,
Apple,iPhone 13 Pro Max,Phone,2021,6GB,A15 Bionic,6.7 inches,120Hz,12MP+12MP+12MP (Wide+Ultra Wide+Telephoto) + LiDAR,12MP,4352mAh,20W,iOS 15,,,,,,,,,,,,,,
Apple,iPhone 14,Phone,2022,6GB,A15 Bionic,6.1 inches,60Hz,12MP+12MP (Wide+Ultra Wide),12MP,3279mAh,20W,iOS 16,,,,,,,,,,,,,,
Apple,iPhone 14 Plus,Phone,2022,6GB,A15 Bionic,6.7 inches,60Hz,12MP+12MP (Wide+Ultra Wide),12MP,4325mAh,20W,iOS 16,,,,,,,,,,,,,,
Apple,iPhone 14 Pro,Phone,2022,6GB,A16 Bionic,6.1 inches,120Hz,48MP+12MP+12MP (Wide+Ultra Wide+Telephoto),12MP,3200mAh,20W,iOS 16,,,,,,,,,,,,,,
Apple,iPhone 14 Pro Max,Phone,2022,6GB,A16 Bionic,6.7 inches,120Hz,48MP+12MP+12MP (Wide+Ultra Wide+Telephoto),12MP,4323mAh,20W,iOS 16,,,,,,,,,,,,,,
Apple,iPhone 15,Phone,2023,6GB,A16 Bionic,6.1 inches,60Hz,48MP+12MP (Wide+Ultra Wide),12MP,3349mAh,20W,iOS 17,,,,,,,,,,,,,,
Apple,iPhone 15 Plus,Phone,2023,6GB,A16 Bionic,6.7 inches,60Hz,48MP+12MP (Wide+Ultra Wide),12MP,4383mAh,20W,iOS 17,,,,,,,,,,,,,,
Apple,iPhone 15 Pro,Phone,2023,8GB,A17 Pro,6.1 inches,120Hz,48MP+12MP+12MP (Wide+Ultra Wide+3x Telephoto),12MP,3274mAh,20W,iOS 17,,,,,,,,,,,,,,
Apple,iPhone 15 Pro Max,Phone,2023,8GB,A17 Pro,6.7 inches,120Hz,48MP+12MP+12MP (Wide+Ultra Wide+5x Telephoto),12MP,4441mAh,20W,iOS 17,,,,,,,,,,,,,,
Apple,iPhone 16,Phone,2024,8GB,A18,6.1 inches,60Hz,48MP+12MP (Wide+Ultra Wide),12MP,3561mAh,20W,iOS 18,,,,,,,,,,,,,,
Apple,iPhone 16 Plus,Phone,2024,8GB,A18,6.7 inches,60Hz,48MP+12MP (Wide+Ultra Wide),12MP,4674mAh,20W,iOS 18,,,,,,,,,,,,,,
Apple,iPhone 16 Pro,Phone,2024,8GB,A18 Pro,6.3 inches,120Hz,48MP+48MP+12MP (Wide+Ultra Wide+5x Telephoto),12MP,3582mAh,25W,iOS 18,,,,,,,,,,,,,,
Apple,iPhone 16 Pro Max,Phone,2024,8GB,A18 Pro,6.9 inches,120Hz,48MP+48MP+12MP (Wide+Ultra Wide+5x Telephoto),12MP,4685mAh,25W,iOS 18,,,,,,,,,,,,,,
Apple,iPhone 16e,Phone,2025,8GB,A18,6.1 inches,60Hz,48MP (Wide),12MP,4005mAh,20W,iOS 18,,,,,,,,,,,,,,
Apple,iPhone 17,Phone,2025,8GB,A19,6.3 inches,120Hz,48MP+48MP (Wide+Ultra Wide),18MP,3692mAh,20W,iOS 26,,,,,,,,,,,,,,
Apple,iPhone 17 Air,Phone,2025,12GB,A19 Pro,6.5 inches,60Hz,48MP (Wide),18MP,3149mAh,20W,iOS 26,,,,,,,,,,,,,,
Apple,iPhone 17 Pro,Phone,2025,12GB,A19 Pro,6.3 inches,120Hz,48MP+48MP+48MP (Wide+Ultra Wide+Telephoto),18MP,3988mAh,40W,iOS 26,,,,,,,,,,,,,,
Apple,iPhone 17 Pro Max,Phone,2025,12GB,A19 Pro,6.9 inches,120Hz,48MP+48MP+48MP (Wide+Ultra Wide+Telephoto),18MP,4832mAh,40W,iOS 26,,,,,,,,,,,,,,
Apple,iPhone 17e,Phone,2026,8GB,A19,6.1 inches,60Hz,48MP (Wide),12MP,4005mAh,20W,iOS 26,,,,,,,,,,,,,,
Apple,iPad Air,Tablet,2024,8GB,Apple M2,10.9 inches,60Hz,12MP,12MP,7606mAh,20W,iPadOS 17,,,,,,,,,,,,,,
Apple,Watch Series 9,Watch,2023,,,,,,,,,,45mm,Aluminum,Sport Band,LTPO OLED,50m,18 hours,GPS + Cellular,iOS 17+,,,,,,
Apple,MagSafe Charger,Accessory,2023,,,,,,,,,,,,,,,,,,Wireless Charger,iPhone 12 and later,Silicone/Plastic,White,USB-C,1 yearApple,iPad (5th generation),Tablet,2017,2GB,A9,9.7 inches,60Hz,8MP,1.2MP,32.4Wh,Lightning,,,,,Retina display,,Up to 10 hours,Wi-Fi 5; Bluetooth 4.2,,,,,,,

#Iphone Tablets

Apple,iPad Pro 10.5-inch (2nd generation),Tablet,2017,4GB,A10X Fusion,10.5 inches,120Hz,12MP,7MP,30.4Wh,Lightning,,,,,Retina display,,Up to 10 hours,Wi-Fi 5; Bluetooth 4.2,,,,,,,
Apple,iPad Pro 12.9-inch (2nd generation),Tablet,2017,4GB,A10X Fusion,12.9 inches,120Hz,12MP,7MP,41Wh,Lightning,,,,,Retina display,,Up to 10 hours,Wi-Fi 5; Bluetooth 4.2,,,,,,,
Apple,iPad (6th generation),Tablet,2018,2GB,A10 Fusion,9.7 inches,60Hz,8MP,1.2MP,32.4Wh,Lightning,,,,,Retina display,,Up to 10 hours,Wi-Fi 5; Bluetooth 4.2,,,,,,,
Apple,iPad Pro 11-inch (1st generation),Tablet,2018,4GB; 6GB on 1TB,A12X Fusion,11 inches,120Hz,12MP,7MP,29.37Wh,USB-C,,,,,Liquid Retina display,,Up to 10 hours,Wi-Fi 5; Bluetooth 5.0,,,,,,,
Apple,iPad Pro 12.9-inch (3rd generation),Tablet,2018,4GB; 6GB on 1TB,A12X Fusion,12.9 inches,120Hz,12MP,7MP,36.71Wh,USB-C,,,,,Liquid Retina display,,Up to 10 hours,Wi-Fi 5; Bluetooth 5.0,,,,,,,
Apple,iPad Air (3rd generation),Tablet,2019,3GB,A12 Bionic,10.5 inches,60Hz,8MP,7MP,30.2Wh,Lightning,,,,,Retina display,,Up to 10 hours,Wi-Fi 5; Bluetooth 5.0,,,,,,,
Apple,iPad mini (5th generation),Tablet,2019,3GB,A12 Bionic,7.9 inches,60Hz,8MP,7MP,19.1Wh,Lightning,,,,,Retina display,,Up to 10 hours,Wi-Fi 5; Bluetooth 5.0,,,,,,,
Apple,iPad (7th generation),Tablet,2019,3GB,A10 Fusion,10.2 inches,60Hz,8MP,1.2MP,32.4Wh,Lightning,,,,,Retina display,,Up to 10 hours,Wi-Fi 5; Bluetooth 4.2,,,,,,,
Apple,iPad Pro 11-inch (2nd generation),Tablet,2020,6GB,A12Z Bionic,11 inches,120Hz,12MP+10MP Ultra Wide,7MP,28.65Wh,USB-C,,,,,Liquid Retina display,,Up to 10 hours,Wi-Fi 6; Bluetooth 5.0,,,,,,,
Apple,iPad Pro 12.9-inch (4th generation),Tablet,2020,6GB,A12Z Bionic,12.9 inches,120Hz,12MP+10MP Ultra Wide,7MP,36.71Wh,USB-C,,,,,Liquid Retina display,,Up to 10 hours,Wi-Fi 6; Bluetooth 5.0,,,,,,,
Apple,iPad (8th generation),Tablet,2020,3GB,A12 Bionic,10.2 inches,60Hz,8MP,1.2MP,32.4Wh,Lightning,,,,,Retina display,,Up to 10 hours,Wi-Fi 5; Bluetooth 4.2,,,,,,,
Apple,iPad Air (4th generation),Tablet,2020,4GB,A14 Bionic,10.9 inches,60Hz,12MP,7MP,28.6Wh,USB-C,,,,,Liquid Retina display,,Up to 10 hours,Wi-Fi 6; Bluetooth 5.0,,,,,,,
Apple,iPad Pro 11-inch (3rd generation),Tablet,2021,8GB; 16GB on 1TB/2TB,M1,11 inches,120Hz,12MP+10MP Ultra Wide,12MP,28.65Wh,USB-C,,,,,Liquid Retina display,,Up to 10 hours,Wi-Fi 6; Bluetooth 5.0,,,,,,,
Apple,iPad Pro 12.9-inch (5th generation),Tablet,2021,8GB; 16GB on 1TB/2TB,M1,12.9 inches,120Hz,12MP+10MP Ultra Wide,12MP,40.88Wh,USB-C,,,,,Liquid Retina XDR display,,Up to 10 hours,Wi-Fi 6; Bluetooth 5.0,,,,,,,
Apple,iPad (9th generation),Tablet,2021,3GB,A13 Bionic,10.2 inches,60Hz,8MP,12MP,32.4Wh,Lightning,,,,,Retina display,,Up to 10 hours,Wi-Fi 5; Bluetooth 4.2,,,,,,,
Apple,iPad mini (6th generation),Tablet,2021,4GB,A15 Bionic,8.3 inches,60Hz,12MP,12MP,19.3Wh,USB-C,,,,,Liquid Retina display,,Up to 10 hours,Wi-Fi 6; Bluetooth 5.0,,,,,,,
Apple,iPad Air (5th generation),Tablet,2022,8GB,M1,10.9 inches,60Hz,12MP,12MP,28.6Wh,USB-C,,,,,Liquid Retina display,,Up to 10 hours,Wi-Fi 6; Bluetooth 5.0,,,,,,,
Apple,iPad (10th generation),Tablet,2022,4GB,A14 Bionic,10.86 inches,60Hz,12MP,12MP,28.6Wh,USB-C,,,,,Liquid Retina display,,Up to 10 hours,Wi-Fi 6; Bluetooth 5.2,,,,,,,
Apple,iPad Pro 11-inch (4th generation),Tablet,2022,8GB; 16GB on 1TB/2TB,M2,11 inches,120Hz,12MP+10MP Ultra Wide,12MP,28.65Wh,USB-C; fast charge,,,,,Liquid Retina display,,Up to 10 hours,Wi-Fi 6E; Bluetooth 5.3,,,,,,,
Apple,iPad Pro 12.9-inch (6th generation),Tablet,2022,8GB; 16GB on 1TB/2TB,M2,12.9 inches,120Hz,12MP+10MP Ultra Wide,12MP,40.88Wh,USB-C; fast charge,,,,,Liquid Retina XDR display,,Up to 10 hours,Wi-Fi 6E; Bluetooth 5.3,,,,,,,
Apple,iPad Air (6th generation),Tablet,2024,8GB,M2,11 inches,60Hz,12MP,12MP,28.93Wh,USB-C,,,,,Liquid Retina display,,Up to 10 hours,Wi-Fi 6E; Bluetooth 5.3,,,,,,,
Apple,iPad Pro 11-inch (7th generation),Tablet,2024,8GB; 16GB on 1TB/2TB,M4,11 inches,120Hz,12MP,12MP,31.29Wh,USB-C; fast charge,,,,,Ultra Retina XDR display,,Up to 10 hours,Wi-Fi 6E; Bluetooth 5.3,,,,,,,
Apple,iPad Pro 13-inch (7th generation),Tablet,2024,8GB; 16GB on 1TB/2TB,M4,13 inches,120Hz,12MP,12MP,38.99Wh,USB-C; fast charge,,,,,Ultra Retina XDR display,,Up to 10 hours,Wi-Fi 6E; Bluetooth 5.3,,,,,,,
Apple,iPad mini (7th generation),Tablet,2024,8GB,A17 Pro,8.3 inches,60Hz,12MP,12MP,19.3Wh,USB-C,,,,,Liquid Retina display,,Up to 10 hours,Wi-Fi 6E; Bluetooth 5.3,,,,,,,
Apple,iPad (11th generation),Tablet,2025,6GB,A16,10.86 inches,60Hz,12MP,12MP,28.93Wh,USB-C,,,,,Liquid Retina display,,Up to 10 hours,Wi-Fi 6; Bluetooth 5.3,,,,,,,
Apple,iPad Pro 11-inch (8th generation),Tablet,2025,12GB; 16GB on 1TB/2TB,M5,11 inches,120Hz,12MP,12MP,31.29Wh,USB-C; fast charge,,,,,Ultra Retina XDR display,,Up to 10 hours,Wi-Fi 7; Bluetooth 6,,,,,,,
Apple,iPad Pro 13-inch (8th generation),Tablet,2025,12GB; 16GB on 1TB/2TB,M5,13 inches,120Hz,12MP,12MP,38.99Wh,USB-C; fast charge,,,,,Ultra Retina XDR display,,Up to 10 hours,Wi-Fi 7; Bluetooth 6,,,,,,,

# Apple Watches

Apple Watch Series 3,Watch,2017,,S3 SiP with dual-core processor,,,,,,Magnetic charging cable,watchOS 4,38mm/42mm,aluminum; stainless steel; ceramic,,Retina OLED display,50 meters,18 hours,LTE and UMTS; Wi-Fi 802.11b/g/n 2.4GHz; Bluetooth 4.2,iPhone 6s or later with iOS 11 or later,,,,,,
Apple,Apple Watch Series 4,Watch,2018,,S4 with 64-bit dual-core processor,,,,,,Magnetic charging cable,watchOS 5,40mm/44mm,aluminum; stainless steel,,LTPO OLED Retina display with Force Touch,50 meters,18 hours,LTE and UMTS; Wi-Fi 802.11b/g/n 2.4GHz; Bluetooth 5.0,iPhone 5s or later (GPS); iPhone 6 or later (GPS + Cellular) with iOS 12 or later,,,,,,
Apple,Apple Watch Series 5,Watch,2019,,S5 SiP with 64-bit dual-core processor,,,,,,Magnetic charging cable,watchOS 6,40mm/44mm,aluminum; stainless steel; titanium; ceramic,,Always-On Retina LTPO OLED display with Force Touch,50 meters,18 hours,LTE and UMTS; Wi-Fi 802.11b/g/n 2.4GHz; Bluetooth 5.0,iPhone 6s or later with iOS 13 or later,,,,,,
Apple,Apple Watch Series 6,Watch,2020,,S6 SiP with 64-bit dual-core processor,,,,,,Magnetic charging cable,watchOS 7,40mm/44mm,aluminum; stainless steel; titanium,,Always-On Retina LTPO OLED display,50 meters,18 hours,LTE and UMTS; Wi-Fi 802.11b/g/n 2.4GHz and 5GHz; Bluetooth 5.0; U1 chip,iPhone 6s or later with iOS 14 or later,,,,,,
Apple,Apple Watch SE (1st generation),Watch,2020,,S5 SiP with 64-bit dual-core processor,,,,,,USB-C magnetic charging cable,watchOS 7,40mm/44mm,aluminum,,Retina LTPO OLED display,50 meters,18 hours,LTE and UMTS; Wi-Fi 802.11b/g/n 2.4GHz; Bluetooth 5.0,iPhone 6s or later with iOS 14 or later,,,,,,
Apple,Apple Watch Series 7,Watch,2021,,S7 with 64-bit dual-core processor,,,,,,Fast charging with USB-C cable,watchOS 8,41mm/45mm,aluminum; stainless steel; titanium,,Always-On Retina LTPO OLED display,50 meters,18 hours,LTE and UMTS; Wi-Fi 802.11b/g/n 2.4GHz and 5GHz; Bluetooth 5.0; U1 chip,iPhone 6s or later with iOS 15 or later,,,,,,
Apple,Apple Watch SE (2nd generation),Watch,2022,,S8 SiP with 64-bit dual-core processor,,,,,,USB-C magnetic charging cable,watchOS 9,40mm/44mm,aluminum,,Retina LTPO OLED display,50 meters,18 hours,4G LTE and UMTS; Wi-Fi 4 (802.11n); Bluetooth 5.3,iPhone 8 or later with iOS 16 or later,,,,,,
Apple,Apple Watch Series 8,Watch,2022,,S8 SiP with 64-bit dual-core processor,,,,,,Fast charging with USB-C cable,watchOS 9,41mm/45mm,aluminum; stainless steel; titanium,,Always-On Retina LTPO OLED display,50 meters,18 hours,LTE and UMTS; Wi-Fi 802.11b/g/n 2.4GHz and 5GHz; Bluetooth 5.3; U1 chip,iPhone 8 or later with iOS 16 or later,,,,,,
Apple,Apple Watch Ultra,Watch,2022,,S8 SiP with 64-bit dual-core processor,,,,,,Fast charging with USB-C cable,watchOS 9,49mm,titanium,,LTPO2 OLED Always-On Retina display,100 meters,36 hours,LTE and UMTS; Wi-Fi 802.11b/g/n 2.4GHz and 5GHz; Bluetooth 5.3,iPhone 8 or later with iOS 16 or later,,,,,,
Apple,Apple Watch Series 9,Watch,2023,,S9 SiP with 64-bit dual-core processor,,,,,,Fast charging with USB-C cable,watchOS 10,41mm/45mm,aluminum; stainless steel,,Always-On Retina LTPO OLED display,50 meters,18 hours,LTE and UMTS; Wi-Fi 4 (802.11n); Bluetooth 5.3; Second-generation Ultra Wideband chip,iPhone Xs or later with iOS 17 or later,,,,,,
Apple,Apple Watch Ultra 2,Watch,2024,,S9 SiP with 64-bit dual-core processor,,,,,,Fast charging with USB-C cable,watchOS 10,49mm,titanium,,Always-On Retina LTPO2 OLED display,100 meters,36 hours,LTE and UMTS; L1+L5 precision dual-frequency GPS; Wi-Fi 4 (802.11n); Bluetooth 5.3; Second-generation Ultra Wideband chip,iPhone Xs or later with iOS 17 or later,,,,,,
Apple,Apple Watch Series 10,Watch,2024,,S10 chip with 64-bit dual-core processor,,,,,,Fast charging with USB-C cable,watchOS 11,42mm/46mm,aluminum; titanium,,LTPO3 OLED Always-On Retina display; Wide-angle OLED,50 meters,18 hours,LTE and UMTS; Wi-Fi 4 (802.11n); Bluetooth 5.3; Second-generation Ultra Wideband chip,iPhone Xs or later with iOS 18 or later,,,,,,
Apple,Apple Watch Ultra 3,Watch,2025,,S10 chip with 64-bit dual-core processor,,,,,,Fast charging with USB-C cable,watchOS 26,49mm,titanium,,Always-On Retina display with wide-angle OLEDs and LTPO3,100 meters,42 hours,Cellular/satellite; Support for 2.4GHz and 5GHz Wi-Fi networks; Wi-Fi 4 (802.11n); Bluetooth 5.3; L1 and L5 precision dual-frequency GPS; Second-generation Ultra Wideband chip; Supports RedCap for 5G and LTE,iPhone 11 or later with iOS 26 or later,,,,,,

#Samsung Mobile 

Samsung,Galaxy A17 5G,Phone,2025,4GB,Exynos 1330,6.7 inches,90Hz,50MP+5MP+2MP,13MP,5000mAh,25W fast charging,Android 15; One UI 7,,,,Super AMOLED,IP54,Up to 18 hours,5G; Wi-Fi 802.11a/b/g/n/ac 2.4GHz+5GHz; Bluetooth v5.3; USB Type-C,,,,,,USB Type-C,
Samsung,Galaxy A26 5G,Phone,2025,8GB,Exynos 1380,6.7 inches,120Hz,50MP+8MP+2MP,13MP,5000mAh,25W charging,Android 15; One UI 7,,,,Super AMOLED,IP67,Up to 17 hours,5G; Wi-Fi 802.11a/b/g/n/ac 2.4GHz+5GHz; Bluetooth v5.3; USB Type-C,,,,,,USB Type-C,
Samsung,Galaxy A27 5G,Phone,2026,6GB,Snapdragon 6 Gen 3,6.7 inches,120Hz,50MP+5MP+2MP,12MP,5000mAh,25W Super Fast Charging,Android 16; One UI 8.5,,,,Super AMOLED,,Up to 23 hours,5G; Wi-Fi 802.11a/b/g/n/ac/ax 2.4GHz+5GHz; Bluetooth v5.1; USB Type-C,,,,,,USB Type-C,
Samsung,Galaxy A36 5G,Phone,2025,8GB,Snapdragon 6 Gen 3,6.7 inches,120Hz,50MP+8MP+5MP,12MP,5000mAh,45W Super Fast Charging,Android 15; One UI 7,,,,Super AMOLED,IP67,Up to 29 hours,5G; Wi-Fi 6; Bluetooth v5.3; USB Type-C,,,,,,USB Type-C,
Samsung,Galaxy A37 5G,Phone,2026,8GB,Exynos 1480,6.7 inches,120Hz,50MP+8MP+5MP,12MP,5000mAh,45W Super Fast Charging 2.0,Android 16; One UI 8.5,,,,Super AMOLED,IP68,2 days,5G; Wi-Fi 802.11a/b/g/n/ac/ax 2.4GHz+5GHz; Bluetooth v5.3; USB Type-C,,,,,,USB Type-C,
Samsung,Galaxy A56 5G,Phone,2025,8GB,Exynos 1580,6.7 inches,120Hz,50MP+12MP+5MP,12MP,5000mAh,45W Super Fast Charging,Android 15; One UI 7,,,,Super AMOLED,IP67,Up to 29 hours,,,,,,,USB Type-C,
Samsung,Galaxy A57 5G,Phone,2026,8GB,Exynos 1680,6.7 inches,120Hz,50MP+12MP+5MP,12MP,5000mAh,45W Super Fast Charging 2.0,Android 16; One UI 8.5,,,,Super AMOLED Plus,IP68,2 days,5G; Wi-Fi 802.11a/b/g/n/ac/ax 2.4GHz+5GHz+6GHz; Bluetooth v6.0; USB Type-C,,,,,,USB Type-C,
Samsung,Galaxy S22,Phone,2022,8GB,Exynos 2200 / Snapdragon 8 Gen 1,6.1 inches,120Hz,50MP+12MP+10MP,10MP,3700mAh,25W,Android 12; One UI 4.1,,,Dynamic AMOLED 2X,IP68,,5G; Wi-Fi 6; Bluetooth 5.2; GPS; GLONASS; Beidou; Galileo; QZSS,,,,,,Phantom Black,USB Type-C,
Samsung,Galaxy S22+,Phone,2022,8GB,Exynos 2200 / Snapdragon 8 Gen 1,6.6 inches,120Hz,50MP+12MP+10MP,10MP,4500mAh,45W,Android 12; One UI 4.1,,,Dynamic AMOLED 2X,IP68,,5G; Wi-Fi 6E; Bluetooth 5.2; GPS; GLONASS; Beidou; Galileo; QZSS,,,,,,Phantom Black,USB Type-C,
Samsung,Galaxy S22 Ultra,Phone,2022,12GB,Exynos 2200 / Snapdragon 8 Gen 1,6.8 inches,120Hz,108MP+12MP+10MP+10MP,40MP,5000mAh,45W,Android 12; One UI 4.1,,,Dynamic AMOLED 2X,IP68,,5G; Wi-Fi 6E; Bluetooth 5.2; GPS; GLONASS; Beidou; Galileo; QZSS,,,,,,Phantom Black,USB Type-C,
Samsung,Galaxy S23,Phone,2023,8GB,Snapdragon 8 Gen 2 for Galaxy,6.1 inches,120Hz,50MP+12MP+10MP,12MP,3900mAh,25W,Android 13; One UI 5.1,,,Dynamic AMOLED 2X,IP68,,5G; Wi-Fi 6E; Bluetooth 5.3; GPS; GLONASS; Beidou; Galileo; QZSS,,,,,,Phantom Black,USB Type-C,
Samsung,Galaxy S23+,Phone,2023,8GB,Snapdragon 8 Gen 2 for Galaxy,6.6 inches,120Hz,50MP+12MP+10MP,12MP,4700mAh,45W,Android 13; One UI 5.1,,,Dynamic AMOLED 2X,IP68,,5G; Wi-Fi 6E; Bluetooth 5.3; GPS; GLONASS; Beidou; Galileo; QZSS,,,,,,Phantom Black,USB Type-C,
Samsung,Galaxy S23 Ultra,Phone,2023,12GB,Snapdragon 8 Gen 2 for Galaxy,6.8 inches,120Hz,200MP+12MP+10MP+10MP,12MP,5000mAh,45W,Android 13; One UI 5.1,,,Dynamic AMOLED 2X,IP68,,5G; Wi-Fi 6E; Bluetooth 5.3; GPS; GLONASS; Beidou; Galileo; QZSS,,,,,,Phantom Black,USB Type-C,
Samsung,Galaxy S23 FE,Phone,2023,8GB,Exynos 2200,6.4 inches,120Hz,50MP+12MP+8MP,10MP,4500mAh,25W,Android 13; One UI 5.1,,,Dynamic AMOLED 2X,IP68,,5G; Wi-Fi 6E; Bluetooth 5.3; GPS; GLONASS; Beidou; Galileo; QZSS,,,,,,Graphite,USB Type-C,
Samsung,Galaxy S24,Phone,2024,8GB,Exynos 2400,6.2 inches,120Hz,50MP+12MP+10MP,12MP,4000mAh,25W,Android 14; One UI 6.1,,,Dynamic AMOLED 2X,IP68,,5G; Wi-Fi 6E; Bluetooth 5.3; GPS; GLONASS; Beidou; Galileo; QZSS,,,,,,Onyx Black,USB Type-C,
Samsung,Galaxy S24+,Phone,2024,12GB,Exynos 2400,6.7 inches,120Hz,50MP+12MP+10MP,12MP,4900mAh,45W,Android 14; One UI 6.1,,,Dynamic AMOLED 2X,IP68,,5G; Wi-Fi 6E; Bluetooth 5.3; GPS; GLONASS; Beidou; Galileo; QZSS,,,,,,Onyx Black,USB Type-C,
Samsung,Galaxy S24 Ultra,Phone,2024,12GB,Snapdragon 8 Gen 3 for Galaxy,6.8 inches,120Hz,200MP+50MP+12MP+10MP,12MP,5000mAh,45W,Android 14; One UI 6.1,,,Dynamic AMOLED 2X,IP68,,5G; Wi-Fi 7; Bluetooth 5.3; GPS; GLONASS; Beidou; Galileo; QZSS,,,,,,Titanium Black,USB Type-C,
Samsung,Galaxy S24 FE,Phone,2024,8GB,Exynos 2400e,6.7 inches,120Hz,50MP+12MP+8MP,10MP,4700mAh,25W,Android 14; One UI 6.1.1,,,Dynamic AMOLED 2X,IP68,,5G; Wi-Fi 6E; Bluetooth 5.3; GPS; GLONASS; Beidou; Galileo; QZSS,,,,,,Blue,USB Type-C,
Samsung,Galaxy S25,Phone,2025,12GB,Snapdragon 8 Elite,6.2 inches,120Hz,50MP+12MP+10MP,12MP,4000mAh,25W,Android 15; One UI 7,,,Dynamic AMOLED 2X,IP68,,5G; Wi-Fi 7; Bluetooth 5.4; GPS; GLONASS; Beidou; Galileo; QZSS,,,,,,Icy Blue,USB Type-C,
Samsung,Galaxy S25+,Phone,2025,12GB,Snapdragon 8 Elite,6.7 inches,120Hz,50MP+12MP+10MP,12MP,4900mAh,45W,Android 15; One UI 7,,,Dynamic AMOLED 2X,IP68,,5G; Wi-Fi 7; Bluetooth 5.4; GPS; GLONASS; Beidou; Galileo; QZSS,,,,,,Icy Blue,USB Type-C,
Samsung,Galaxy S25 Ultra,Phone,2025,12GB,Snapdragon 8 Elite,6.9 inches,120Hz,200MP+50MP+50MP+10MP,12MP,5000mAh,45W,Android 15; One UI 7,,,Dynamic AMOLED 2X,IP68,,5G; Wi-Fi 7; Bluetooth 5.4; GPS; GLONASS; Beidou; Galileo; QZSS,,,,,,Titanium Black,USB Type-C,
Samsung,Galaxy S25 FE,Phone,2025,8GB,Exynos 2400,6.7 inches,120Hz,50MP+12MP+8MP,12MP,4900mAh,45W,Android 16; One UI 8,,,Dynamic AMOLED 2X,IP68,,5G; Wi-Fi 6E; Bluetooth 5.4; GPS; GLONASS; Beidou; Galileo; QZSS,,,,,,Icy Blue,USB Type-C,
Samsung,Galaxy S25 Ultra,Phone,2025,12GB,Snapdragon 8 Elite,6.9 inches,120Hz,200MP+50MP+50MP+10MP,12MP,5000mAh,45W,Android 15; One UI 7,,,Dynamic AMOLED 2X,IP68,,5G; Wi-Fi 7; Bluetooth 5.4; GPS; GLONASS; Beidou; Galileo; QZSS,,,,,,Titanium Black,USB Type-C,
Samsung,Galaxy S26,Phone,2026,12GB,Exynos 2600 / Snapdragon 8 Elite Gen 5,6.2 inches,120Hz,50MP+12MP+10MP,12MP,4300mAh,25W,Android 16; One UI 8.5,,,Dynamic AMOLED 2X,IP68,,5G; Wi-Fi 7; Bluetooth 5.4; GPS; GLONASS; Beidou; Galileo; QZSS,,,,,,Onyx Black,USB Type-C,
Samsung,Galaxy S26+,Phone,2026,12GB,Exynos 2600 / Snapdragon 8 Elite Gen 5,6.7 inches,120Hz,50MP+12MP+10MP,12MP,4900mAh,45W,Android 16; One UI 8.5,,,Dynamic AMOLED 2X,IP68,,5G; Wi-Fi 7; Bluetooth 5.4; GPS; GLONASS; Beidou; Galileo; QZSS,,,,,,Onyx Black,USB Type-C,
Samsung,Galaxy S26 Ultra,Phone,2026,12GB,Snapdragon 8 Elite Gen 5,6.9 inches,120Hz,200MP+50MP+50MP+10MP,12MP,5000mAh,60W,Android 16; One UI 8.5,,,Dynamic AMOLED 2X,IP68,,5G; Wi-Fi 7; Bluetooth 5.4; GPS; GLONASS; Beidou; Galileo; QZSS,,,,,,Titanium Black,USB Type-C,

#Samsung Tablets

Samsung,Galaxy Tab A11,Tablet,2026,6GB,MediaTek Helio G99,8.7 inches,90Hz,8MP,5MP,5100mAh,15W,Android 16; One UI 8,,,TFT LCD,IP54,,4G LTE; Wi-Fi 802.11a/b/g/n/ac; Bluetooth 5.3; GPS; GLONASS; Beidou; Galileo,,,,,,Gray,USB Type-C,
Samsung,Galaxy Tab A11+,Tablet,2026,8GB,MediaTek Dimensity 7300,11.0 inches,90Hz,8MP,5MP,7040mAh,25W,Android 16; One UI 8,,,TFT LCD,IP54,,5G; Wi-Fi 802.11a/b/g/n/ac; Bluetooth 5.3; GPS; GLONASS; Beidou; Galileo,,,,,,Gray,USB Type-C,
Samsung,Galaxy Tab S10 Lite,Tablet,2025,8GB,Exynos 1380,10.9 inches,90Hz,8MP,5MP,8000mAh,45W,Android 15; One UI 7,,,LCD,IP68,,5G; Wi-Fi 802.11a/b/g/n/ac; Bluetooth 5.3; GPS; GLONASS; Beidou; Galileo,,,,,,Gray,USB Type-C,
Samsung,Galaxy Tab S9,Tablet,2023,12GB,Snapdragon 8 Gen 2 for Galaxy,11.0 inches,120Hz,13MP,12MP,8400mAh,45W,Android 13; One UI 5.1,,,Dynamic AMOLED 2X,IP68,,5G; Wi-Fi 6E; Bluetooth 5.3; GPS; GLONASS; Beidou; Galileo,,,,,,Graphite,USB Type-C,
Samsung,Galaxy Tab S9+,Tablet,2023,12GB,Snapdragon 8 Gen 2 for Galaxy,12.4 inches,120Hz,13MP+8MP,12MP,10090mAh,45W,Android 13; One UI 5.1,,,Dynamic AMOLED 2X,IP68,,5G; Wi-Fi 6E; Bluetooth 5.3; GPS; GLONASS; Beidou; Galileo,,,,,,Graphite,USB Type-C,
Samsung,Galaxy Tab S9 Ultra,Tablet,2023,16GB,Snapdragon 8 Gen 2 for Galaxy,14.6 inches,120Hz,13MP+8MP,12MP+12MP,11200mAh,45W,Android 13; One UI 5.1,,,Dynamic AMOLED 2X,IP68,,5G; Wi-Fi 6E; Bluetooth 5.3; GPS; GLONASS; Beidou; Galileo,,,,,,Graphite,USB Type-C,
Samsung,Galaxy Tab S9 FE,Tablet,2023,8GB,Exynos 1380,10.9 inches,90Hz,8MP,12MP,8000mAh,45W,Android 13; One UI 5.1,,,IPS LCD,IP68,,5G; Wi-Fi 6; Bluetooth 5.3; GPS; GLONASS; Beidou; Galileo,,,,,,Gray,USB Type-C,
Samsung,Galaxy Tab S9 FE+,Tablet,2023,12GB,Exynos 1380,12.4 inches,90Hz,8MP+8MP,12MP,10090mAh,45W,Android 13; One UI 5.1,,,IPS LCD,IP68,,5G; Wi-Fi 6; Bluetooth 5.3; GPS; GLONASS; Beidou; Galileo,,,,,,Gray,USB Type-C,
Samsung,Galaxy Tab S6 Lite (2024),Tablet,2024,4GB,Exynos 1280,10.4 inches,60Hz,8MP,5MP,7040mAh,15W,Android 14; One UI 6.1,,,TFT LCD,,,4G LTE; Wi-Fi 802.11a/b/g/n/ac; Bluetooth 5.3; GPS; GLONASS; Beidou; Galileo,,,,,,Oxford Gray,USB Type-C,
Samsung,Galaxy Tab S10+,Tablet,2024,12GB,MediaTek Dimensity 9300+,12.4 inches,120Hz,13MP+8MP,12MP,10090mAh,45W,Android 14; One UI 6.1.1,,,Dynamic AMOLED 2X,IP68,,5G; Wi-Fi 7; Bluetooth 5.3; GPS; GLONASS; Beidou; Galileo,,,,,,Moonstone Gray,USB Type-C,
Samsung,Galaxy Tab S10 Ultra,Tablet,2024,12GB16GB,MediaTek Dimensity 9300+,14.6 inches,120Hz,13MP+8MP,12MP+12MP,11200mAh,45W,Android 14; One UI 6.1.1,,,Dynamic AMOLED 2X,IP68,,5G; Wi-Fi 7; Bluetooth 5.3; GPS; GLONASS; Beidou; Galileo,,,,,,Moonstone Gray,USB Type-C,
Samsung,Galaxy Tab S10 FE,Tablet,2025,12GB,Exynos 1580,10.9 inches,90Hz,13MP,12MP,8000mAh,45W,Android 15; One UI 7,,,IPS LCD,IP68,,5G; Wi-Fi 6; Bluetooth 5.3; GPS; GLONASS; Beidou; Galileo,,,,,,Gray,USB Type-C,
Samsung,Galaxy Tab S10 FE+,Tablet,2025,12GB,Exynos 1580,13.1 inches,90Hz,13MP,12MP,10090mAh,45W,Android 15; One UI 7,,,TFT LCD,IP68,,5G; Wi-Fi 6; Bluetooth 5.3; GPS; GLONASS; Beidou; Galileo,,,,,,Gray,USB Type-C,
Samsung,Galaxy Tab S10 Lite,Tablet,2025,8GB,Exynos 1380,10.9 inches,90Hz,8MP,5MP,8000mAh,25W,Android 15; One UI 7,,,TFT LCD,IP68,,5G; Wi-Fi 6; Bluetooth 5.3; GPS; GLONASS; Beidou; Galileo,,,,,,Gray,USB Type-C,
Samsung,Galaxy Tab S11,Tablet,2025,12GB,MediaTek Dimensity 9400+,11.0 inches,120Hz,13MP,12MP,8400mAh,45W,Android 16; One UI 8,,,Dynamic AMOLED 2X,IP68,,5G; Wi-Fi 6E; Bluetooth 5.4; GPS; GLONASS; Beidou; Galileo,,,,,,Moonstone Gray,USB Type-C,
Samsung,Galaxy Tab S11 Ultra,Tablet,2025,16GB,MediaTek Dimensity 9400+,14.6 inches,120Hz,13MP+8MP,12MP+12MP,11200mAh,45W,Android 16; One UI 8,,,Dynamic AMOLED 2X,IP68,,5G; Wi-Fi 7; Bluetooth 5.4; GPS; GLONASS; Beidou; Galileo,,,,,,Moonstone Gray,USB Type-C,

#Samsung Watches

Samsung,Galaxy Watch,Smartwatch,2018,1.5GB,Exynos 9110,1.3 inches,60Hz,,,472mAh,5W,Tizen OS 4.0,46mm,Stainless Steel,Silicone,Super AMOLED,5ATM + IP68,4 days,4G LTE; Wi-Fi 802.11b/g/n; Bluetooth 4.2; GPS; GLONASS; NFC,Android; iOS,,,,,Silver / Black,Proprietary Wireless,
Samsung,Galaxy Watch 3,Smartwatch,2020,1GB,Exynos 9110,1.4 inches,60Hz,,,340mAh,5W,Tizen OS 5.5,45mm,Stainless Steel / Titanium,Leather,Super AMOLED,5ATM + IP68,2 days,4G LTE; Wi-Fi 802.11b/g/n; Bluetooth 5.0; GPS; GLONASS; Beidou; Galileo; NFC,Android; iOS,,,,,Mystic Black / Mystic Silver,Proprietary Wireless,
Samsung,Galaxy Watch 4,Smartwatch,2021,1.5GB,Exynos W920,1.4 inches,60Hz,,,361mAh,5W,Android Wear OS 3.0; One UI Watch 3,44mm,Armor Aluminum,Silicone,Super AMOLED,5ATM + IP68,40 hours,4G LTE; Wi-Fi 802.11a/b/g/n; Bluetooth 5.0; GPS; GLONASS; Beidou; Galileo; NFC,Android,,,,,Black / Silver / Green,Proprietary Wireless,
Samsung,Galaxy Watch 4 Classic,Smartwatch,2021,1.5GB,Exynos W920,1.4 inches,60Hz,,,361mAh,5W,Android Wear OS 3.0; One UI Watch 3,46mm,Stainless Steel,Ridge Sport Band,Super AMOLED,5ATM + IP68,40 hours,4G LTE; Wi-Fi 802.11a/b/g/n; Bluetooth 5.0; GPS; GLONASS; Beidou; Galileo; NFC,Android,,,,,Black / Silver,Proprietary Wireless,
Samsung,Galaxy Watch 5,Smartwatch,2022,1.5GB,Exynos W920,1.4 inches,60Hz,,,410mAh,10W,Android Wear OS 3.5; One UI Watch 4.5,44mm,Armor Aluminum,Silicone,Super AMOLED,5ATM + IP68,50 hours,4G LTE; Wi-Fi 802.11a/b/g/n; Bluetooth 5.2; GPS; GLONASS; Beidou; Galileo; NFC,Android,,,,,Graphite / Sapphire / Silver,Proprietary Wireless,
Samsung,Galaxy Watch 5 Pro,Smartwatch,2022,1.5GB,Exynos W920,1.4 inches,60Hz,,,590mAh,10W,Android Wear OS 3.5; One UI Watch 4.5,45mm,Titanium,D-Buckle Sport Band,Super AMOLED,5ATM + IP68,80 hours,4G LTE; Wi-Fi 802.11a/b/g/n; Bluetooth 5.2; GPS; GLONASS; Beidou; Galileo; NFC,Android,,,,,Black Titanium / Gray Titanium,Proprietary Wireless,
Samsung,Galaxy Watch 6,Smartwatch,2023,2GB,Exynos W930,1.5 inches,60Hz,,,425mAh,10W,Android Wear OS 4.0; One UI Watch 5,44mm,Armor Aluminum,Sport Band,Super AMOLED,5ATM + IP68,40 hours,4G LTE; Wi-Fi 802.11a/b/g/n; Bluetooth 5.3; GPS; GLONASS; Beidou; Galileo; NFC,Android,,,,,Graphite / Silver,Proprietary Wireless,
Samsung,Galaxy Watch 6 Classic,Smartwatch,2023,2GB,Exynos W930,1.5 inches,60Hz,,,425mAh,10W,Android Wear OS 4.0; One UI Watch 5,47mm,Stainless Steel,Hybrid Eco-Leather,Super AMOLED,5ATM + IP68,40 hours,4G LTE; Wi-Fi 802.11a/b/g/n; Bluetooth 5.3; GPS; GLONASS; Beidou; Galileo; NFC,Android,,,,,Black / Silver,Proprietary Wireless,
Samsung,Galaxy Watch 7,Smartwatch,2024,2GB,Exynos W1000,1.5 inches,60Hz,,,425mAh,15W,Android Wear OS 5.0; One UI Watch 6,44mm,Armor Aluminum,Sport Band,Super AMOLED,5ATM + IP68,40 hours,4G LTE; Wi-Fi 802.11a/b/g/n; Bluetooth 5.3; GPS; GLONASS; Beidou; Galileo; NFC,Android,,,,,Green / Silver,Proprietary Wireless,
Samsung,Galaxy Watch Ultra (2024),Smartwatch,2024,2GB,Exynos W1000,1.5 inches,60Hz,,,590mAh,15W,Android Wear OS 5.0; One UI Watch 6,47mm,Titanium Grade 4,Marine Band,Super AMOLED,10ATM + IP68,100 hours,4G LTE; Wi-Fi 802.11a/b/g/n; Bluetooth 5.3; Dual GPS; NFC,Android,,,,,Titanium Gray / Titanium White,Proprietary Wireless,
Samsung,Galaxy Watch 8,Smartwatch,2025,2GB,Exynos W1000,1.47 inches,60Hz,,,435mAh,10W,Android Wear OS 6.0; One UI Watch 8,44mm,Armor Aluminum,Sport Band,Super AMOLED,5ATM + IP68,42 hours,4G LTE; Wi-Fi 802.11a/b/g/n; Bluetooth 5.3; Dual GPS; NFC,Android,,,,,Graphite / Silver,Proprietary Wireless,
Samsung,Galaxy Watch 8 Classic,Smartwatch,2025,2GB,Exynos W1000,1.47 inches,60Hz,,,445mAh,10W,Android Wear OS 6.0; One UI Watch 8,46mm,Stainless Steel,Hybrid Band,Super AMOLED,5ATM + IP68,45 hours,Bluetooth; Wi-Fi 802.11a/b/g/n; Bluetooth 5.3; Dual GPS; NFC,Android,,,,,Black / Titanium,Proprietary Wireless,
Samsung,Galaxy Watch Ultra (2025),Smartwatch,2025,2GB,Exynos W1000,1.5 inches,60Hz,,,590mAh,15W,Android Wear OS 6.0; One UI Watch 8,47mm,Titanium + Ceramic,Trail Band,Super AMOLED,10ATM + IP68,100 hours,4G LTE; Wi-Fi 802.11a/b/g/n; Bluetooth 5.3; Dual GPS; NFC,Android,,,,,Titanium Silver / Titanium Gray,Proprietary Wireless,
Samsung,Galaxy Watch 9,Smartwatch,2026,2GB,Snapdragon SW6100 Wear Elite,1.5 inches,60Hz,,,435mAh,10W,Android Wear OS 7.0; One UI Watch 9,44mm,Armor Aluminum,Sport Band,Super AMOLED,5ATM + IP68,48 hours,4G LTE; Wi-Fi 802.11a/b/g/n; Bluetooth 6.0; Dual GPS; NFC,Android,,,,,Graphite / Silver,Proprietary Wireless,
Samsung,Galaxy Watch Ultra 2,Smartwatch,2026,2GB,Snapdragon SW6100 Wear Elite,1.52 inches,60Hz,,,800mAh,10W,Android Wear OS 7.0; One UI Watch 9,47mm,Titanium Grade 4,Marine Band,Super AMOLED,10ATM + IP69K,100 hours,4G LTE; Wi-Fi 802.11a/b/g/n; Bluetooth 6.0; Dual GPS; NFC,Android,,,,,Titanium Gray / Titanium Silver,Proprietary Wireless,
Samsung,Galaxy Watch Active,Smartwatch,2019,768MB,Exynos 9110,1.1 inches,60Hz,,,230mAh,5W,Tizen OS 4.0,40mm,Aluminum,Silicone,Super AMOLED,5ATM + IP68,45 hours,Wi-Fi 802.11b/g/n; Bluetooth 4.2; GPS; GLONASS; Beidou; Galileo; NFC,Android; iOS,,,,,Black / Silver / Rose Gold,Proprietary Wireless,
Samsung,Galaxy Watch Active 2,Smartwatch,2019,768MB/1.5GB,Exynos 9110,1.4 inches,60Hz,,,340mAh,5W,Tizen OS 4.0,44mm,Aluminum / Stainless Steel,Leather / Silicone,Super AMOLED,5ATM + IP68,60 hours,4G LTE; Wi-Fi 802.11b/g/n; Bluetooth 5.0; GPS; GLONASS; Beidou; Galileo; NFC,Android; iOS,,,,,Aqua Black / Cloud Silver / Pink Gold,Proprietary Wireless,
Samsung,Galaxy Watch FE,Smartwatch,2024,1.5GB,Exynos W920,1.2 inches,60Hz,,,247mAh,5W,Android Wear OS 4.0; One UI Watch 5,40mm,Armor Aluminum,Sport Band,Super AMOLED,5ATM + IP68,40 hours,4G LTE; Wi-Fi 802.11a/b/g/n; Bluetooth 5.0; GPS; GLONASS; Beidou; Galileo; NFC,Android,,,,,Black / Pink Gold / Silver,Proprietary Wireless,
Samsung,Galaxy Fit,Fitness Band,2019,2MB,MCU,0.95 inches,60Hz,,,120mAh,5W,FreeRTOS,40mm,Aluminum,Silicone,AMOLED,5ATM + IP68,7 days,Bluetooth 5.0,Android; iOS,Fitness Band,Universal,Polycarbonate / Aluminum,Black / Silver,POGO Pin Magnetic,
Samsung,Galaxy Fit 2,Fitness Band,2020,2MB,MCU,1.1 inches,60Hz,,,159mAh,5W,FreeRTOS,46mm,Plastic,Silicone,AMOLED,5ATM + IP68,15 days,Bluetooth 5.1,Android; iOS,Fitness Band,Universal,Plastic,Black / Scarlet,POGO Pin Magnetic,
Samsung,Galaxy Fit 3,Fitness Band,2024,16MB,MCU,1.6 inches,60Hz,,,208mAh,5W,FreeRTOS,42.9mm,Aluminum,Silicone,AMOLED,5ATM + IP68,13 days,Bluetooth 5.3,Android,Fitness Band,Universal,Aluminum,Gray / Silver / Pink Gold,POGO Pin Magnetic,


#Tecno

Tecno,Spark Go 3,Phone,2026,4GB,Unisoc T7250,6.75 inches,120Hz,13MP,8MP,5000mAh,15W,Android 15; HiOS 15,,,IPS LCD,IP64,,4G LTE; Wi-Fi 802.11a/b/g/n/ac; Bluetooth 5.2; GPS; GLONASS; Beidou; Galileo,,,,,,Black,USB Type-C,
Tecno,Spark 50,Phone,2026,4GB,MediaTek Helio G81,6.78 inches,120Hz,50MP,8MP,7000mAh,18W,Android 16; HiOS 16,,,IPS LCD,IP54,,4G LTE; Wi-Fi 802.11a/b/g/n/ac; Bluetooth 5.2; GPS; GLONASS; Beidou; Galileo; Infrared,,,,,,Black,USB Type-C,
Tecno,Pova Curve 2 5G,Phone,2026,8GB,MediaTek Dimensity 7100,6.78 inches,144Hz,50MP+2MP,16MP,8000mAh,45W,Android 16; HiOS 16,,,Curved AMOLED,IP64,,5G; Wi-Fi 6; Bluetooth 5.3; GPS; GLONASS; Beidou; Galileo; NFC,,,,,,Geek Black,USB Type-C,
Tecno,Pova 7 Ultra 5G,Phone,2025,12GB,MediaTek Dimensity 8350 Ultimate,6.67 inches,144Hz,108MP+8MP,13MP,6000mAh,70W,Android 15; HiOS 15,,,AMOLED,IP54,,5G; Wi-Fi 6; Bluetooth 5.3; GPS; GLONASS; Beidou; Galileo; NFC,,,,,,Mecha Grey,USB Type-C,
Tecno,Camon 50 Pro 4G,Phone,2026,8GB,MediaTek Helio G200 Ultimate,6.78 inches,144Hz,50MP+50MP+8MP,32MP,6150mAh,45W,Android 16; HiOS 16,,,AMOLED,IP68,,4G LTE; Wi-Fi 6; Bluetooth 5.3; GPS; GLONASS; Beidou; Galileo; NFC; Infrared,,,,,,Moonlight Black,USB Type-C,
Tecno,Camon 50 Pro 5G,Phone,2026,12GB,MediaTek Dimensity 7400 Ultimate,6.78 inches,144Hz,50MP+50MP+8MP,50MP,6500mAh,45W,Android 16; HiOS 16,,,AMOLED,IP69K,,5G; Wi-Fi 6E; Bluetooth 5.4; GPS; GLONASS; Beidou; Galileo; NFC; Infrared,,,,,,Nebula Titanium,USB Type-C,
Tecno,Camon 50 Ultra 5G,Phone,2026,12GB,MediaTek Dimensity 7400 Ultimate,6.78 inches,144Hz,50MP+50MP+8MP,50MP,6500mAh,45W,Android 16; HiOS 16,,,Curved AMOLED,IP69K,,5G; Wi-Fi 6E; Bluetooth 5.4; GPS; GLONASS; Beidou; Galileo; NFC; eSIM,,,,,,Moonshadow Black,USB Type-C,
Tecno,Pop 9 4G,Phone,2024,3GB,Unisoc T606,6.6 inches,90Hz,13MP,8MP,5000mAh,10W,Android 14 (Go edition); HiOS 14,,,IPS LCD,IP54,,4G LTE; Wi-Fi 802.11a/b/g/n/ac; Bluetooth 5.0; GPS; GLONASS,,,,,,Startrail Black,USB Type-C,
Tecno,Pop 9 5G,Phone,2024,4GB,MediaTek Dimensity 6300,6.6 inches,120Hz,48MP,8MP,5000mAh,18W,Android 14; HiOS 14,,,IPS LCD,IP54,,5G; Wi-Fi 802.11a/b/g/n/ac; Bluetooth 5.1; GPS; GLONASS; NFC,,,,,,Aurora Cloud,USB Type-C,
Tecno,Pop X,Phone,2026,4GB,MediaTek Helio G36,6.67 inches,90Hz,13MP,8MP,5000mAh,15W,Android 15 (Go edition); HiOS 15,,,IPS LCD,IP64,,4G LTE; Wi-Fi 802.11a/b/g/n/ac; Bluetooth 5.2; GPS; GLONASS,,,,,,Gravity Black,USB Type-C,
Tecno,Spark Go 3,Phone,2026,4GB,Unisoc T7250,6.75 inches,120Hz,13MP,8MP,5000mAh,15W,Android 15; HiOS 15,,,IPS LCD,IP64,,4G LTE; Wi-Fi 802.11a/b/g/n/ac; Bluetooth 5.2; GPS; GLONASS; Beidou; Galileo,,,,,,Black,USB Type-C,
Tecno,Spark 30C 5G,Phone,2024,4GB,MediaTek Dimensity 6300,6.67 inches,120Hz,48MP,8MP,5000mAh,18W,Android 14; HiOS 14,,,IPS LCD,IP54,,5G; Wi-Fi 802.11a/b/g/n/ac; Bluetooth 5.1; GPS; GLONASS; Infrared,,,,,,Midnight Black,USB Type-C,
Tecno,Spark 40,Phone,2025,6GB,MediaTek Helio G81,6.67 inches,120Hz,50MP,8MP,5200mAh,45W,Android 15; HiOS 15,,,IPS LCD,IP64,,4G LTE; Wi-Fi 802.11a/b/g/n/ac; Bluetooth 5.2; GPS; GLONASS; Infrared,,,,,,Mirage Blue,USB Type-C,
Tecno,Spark 40 Pro,Phone,2025,8GB,MediaTek Helio G100,6.78 inches,120Hz,108MP+2MP,32MP,5000mAh,33W,Android 15; HiOS 15,,,AMOLED,IP54,,4G LTE; Wi-Fi 802.11a/b/g/n/ac; Bluetooth 5.2; GPS; GLONASS; NFC; Infrared,,,,,,Temporal Orbits,USB Type-C,
Tecno,Spark 50 4G,Phone,2026,4GB,MediaTek Helio G81,6.78 inches,120Hz,50MP,8MP,7000mAh,18W,Android 16; HiOS 16,,,IPS LCD,IP54,,4G LTE; Wi-Fi 802.11a/b/g/n/ac; Bluetooth 5.2; GPS; GLONASS; Beidou; Galileo; Infrared,,,,,,Black,USB Type-C,
Tecno,Spark 50 Pro,Phone,2026,8GB,MediaTek Helio G100 Ultimate,6.78 inches,120Hz,50MP+2MP,32MP,5000mAh,33W,Android 16; HiOS 16,,,AMOLED,IP54,,4G LTE; Wi-Fi 802.11a/b/g/n/ac; Bluetooth 5.2; GPS; GLONASS; NFC; Infrared,,,,,,Titanium Grey,USB Type-C,
Tecno,Spark Slim,Phone,2026,8GB,MediaTek Helio G200 Ultimate,6.78 inches,144Hz,50MP,13MP,5000mAh,45W,Android 16; HiOS 16,,,AMOLED,IP54,,4G LTE; Wi-Fi 6; Bluetooth 5.3; GPS; GLONASS; NFC,,,,,,Slim Gray,USB Type-C,
Tecno,Pova 7 5G,Phone,2025,8GB,MediaTek Dimensity 6080,6.78 inches,120Hz,50MP+2MP,16MP,6000mAh,33W,Android 15; HiOS 15,,,IPS LCD,IP53,,5G; Wi-Fi 802.11a/b/g/n/ac; Bluetooth 5.3; GPS; GLONASS; NFC; Infrared,,,,,,Uranus Blue,USB Type-C,
Tecno,Pova 7 Pro 5G,Phone,2025,8GB,MediaTek Dimensity 7020,6.78 inches,120Hz,108MP+2MP,16MP,6000mAh,70W,Android 15; HiOS 15,,,AMOLED,IP53,,5G; Wi-Fi 802.11a/b/g/n/ac; Bluetooth 5.3; GPS; GLONASS; NFC; Infrared,,,,,,Silver Dynamic,USB Type-C,
Tecno,Pova 7 Ultra 5G,Phone,2025,12GB,MediaTek Dimensity 8350 Ultimate,6.67 inches,144Hz,108MP+8MP,13MP,6000mAh,70W,Android 15; HiOS 15,,,AMOLED,IP54,,5G; Wi-Fi 6; Bluetooth 5.3; GPS; GLONASS; Beidou; Galileo; NFC,,,,,,Mecha Grey,USB Type-C,
Tecno,Pova Curve 2 5G,Phone,2026,8GB,MediaTek Dimensity 7100,6.78 inches,144Hz,50MP+2MP,16MP,8000mAh,45W,Android 16; HiOS 16,,,Curved AMOLED,IP64,,5G; Wi-Fi 6; Bluetooth 5.3; GPS; GLONASS; Beidou; Galileo; NFC,,,,,,Geek Black,USB Type-C,
Tecno,Pova 8 Pro 5G,Phone,2026,8GB,MediaTek Dimensity 7300,6.78 inches,144Hz,50MP+2MP,16MP,6500mAh,45W,Android 16; HiOS 16,,,AMOLED,IP64,,5G; Wi-Fi 6; Bluetooth 5.3; GPS; GLONASS; NFC,,,,,,Mecha Black,USB Type-C,
Tecno,Camon 40 Pro 5G,Phone,2025,8GB,MediaTek Dimensity 7020,6.78 inches,120Hz,50MP+50MP+2MP,50MP,5000mAh,33W,Android 15; HiOS 15,,,AMOLED,IP54,,5G; Wi-Fi 802.11a/b/g/n/ac; Bluetooth 5.3; GPS; GLONASS; NFC,,,,,,Emerald Green,USB Type-C,
Tecno,Camon 50 4G,Phone,2026,8GB,MediaTek Helio G100,6.78 inches,120Hz,50MP+2MP,32MP,5000mAh,33W,Android 16; HiOS 16,,,AMOLED,IP54,,4G LTE; Wi-Fi 802.11a/b/g/n/ac; Bluetooth 5.2; GPS; GLONASS; NFC; Infrared,,,,,,Dark Shadow,USB Type-C,
Tecno,Camon 50 Pro 4G,Phone,2026,8GB,MediaTek Helio G200 Ultimate,6.78 inches,144Hz,50MP+50MP+8MP,32MP,6150mAh,45W,Android 16; HiOS 16,,,AMOLED,IP68,,4G LTE; Wi-Fi 6; Bluetooth 5.3; GPS; GLONASS; Beidou; Galileo; NFC; Infrared,,,,,,Moonlight Black,USB Type-C,
Tecno,Camon 50 Pro 5G,Phone,2026,12GB,MediaTek Dimensity 7400 Ultimate,6.78 inches,144Hz,50MP+50MP+8MP,50MP,6500mAh,45W,Android 16; HiOS 16,,,AMOLED,IP69K,,5G; Wi-Fi 6E; Bluetooth 5.4; GPS; GLONASS; Beidou; Galileo; NFC; Infrared,,,,,,Nebula Titanium,USB Type-C,
Tecno,Camon 50 Ultra 5G,Phone,2026,12GB,MediaTek Dimensity 9300+,6.78 inches,144Hz,50MP+50MP+50MP,50MP,6500mAh,45W,Android 16; HiOS 16,,,Curved AMOLED,IP69K,,5G; Wi-Fi 6E; Bluetooth 5.4; GPS; GLONASS; Beidou; Galileo; NFC; eSIM,,,,,,Moonshadow Black,USB Type-C,
Tecno,Phantom V Fold 2 5G,Phone,2024,12GB,MediaTek Dimensity 9000+,7.85 inches,120Hz,50MP+50MP+50MP,32MP,5750mAh,70W,Android 14; HiOS 14 Fold,,,Foldable LTPO AMOLED,IP54,,5G; Wi-Fi 6E; Bluetooth 5.3; GPS; GLONASS; NFC,,,,,,Karst Black,USB Type-C,
Tecno,Phantom V Flip 2 5G,Phone,2024,8GB,MediaTek Dimensity 8020,6.9 inches,120Hz,50MP+50MP,32MP,4720mAh,70W,Android 14; HiOS 14 Flip,,,Foldable LTPO AMOLED,IP54,,5G; Wi-Fi 6; Bluetooth 5.3; GPS; GLONASS; NFC,,,,,,Travertine Green,USB Type-C,
Tecno,Spark 50 5G,Phone,2026,6GB,MediaTek Dimensity 6400,6.78 inches,120Hz,50MP,8MP,6500mAh,18W,Android 16; HiOS 16,,,IPS LCD,IP64,,5G; Wi-Fi 802.11a/b/g/n; Bluetooth 5.4; GPS; Infrared,,,,,,Ink Black,USB Type-C,
Tecno,Spark Slim,Phone,2026,8GB,MediaTek Helio G200 Ultimate,6.78 inches,144Hz,50MP,13MP,5000mAh,45W,Android 16; HiOS 16,,,AMOLED,IP54,,4G LTE; Wi-Fi 6; Bluetooth 5.3; GPS; GLONASS; NFC,,,,,,Slim Gray,USB Type-C,
Tecno,Pova 8 5G,Phone,2026,8GB,MediaTek Dimensity 7100,6.76 inches,144Hz,50MP,13MP,8000mAh,45W,Android 16; HiOS 16,,,IPS LCD,IP64,,5G; Wi-Fi 802.11a/b/g/n/ac; Bluetooth 5.4; GPS; GLONASS; Beidou; Galileo; NFC,,,,,,Terminal Green,USB Type-C,
Tecno,Pova 8 Pro 5G,Phone,2026,8GB,MediaTek Dimensity 7300,6.78 inches,144Hz,50MP+2MP,16MP,6500mAh,45W,Android 16; HiOS 16,,,AMOLED,IP64,,5G; Wi-Fi 6; Bluetooth 5.3; GPS; GLONASS; NFC,,,,,,Mecha Black,USB Type-C,
Tecno,Pova Slim 5G,Phone,2026,8GB,MediaTek Dimensity 7300,6.78 inches,144Hz,50MP+2MP,16MP,5000mAh,45W,Android 16; HiOS 16,,,AMOLED,IP64,,5G; Wi-Fi 6; Bluetooth 5.3; GPS; GLONASS; NFC,,,,,,Cyber Black,USB Type-C,
Tecno,Camon 50 4G,Phone,2026,8GB,MediaTek Helio G100,6.78 inches,120Hz,50MP+2MP,32MP,5000mAh,33W,Android 16; HiOS 16,,,AMOLED,IP54,,4G LTE; Wi-Fi 802.11a/b/g/n/ac; Bluetooth 5.2; GPS; GLONASS; NFC; Infrared,,,,,,Dark Shadow,USB Type-C,
Tecno,Camon Slim,Phone,2026,8GB,MediaTek Helio G200 Ultimate,6.78 inches,144Hz,50MP+2MP,32MP,5600mAh,60W,Android 16; HiOS 16,,,AMOLED,IP64,,4G LTE; Wi-Fi 802.11a/b/g/n/ac; Bluetooth 5.3; GPS; NFC; Infrared,,,,,,Moonlight Silver,USB Type-C,

#infinix

Infinix,Smart 10,Phone,2025,4GB,Unisoc T7250,6.67 inches,120Hz,8MP,8MP,5000mAh,15W,Android 15; XOS 15.1,,,IPS LCD,IP64,,4G LTE; Wi-Fi 802.11a/b/g/n; Bluetooth 5.3; GPS,,,,,,Sleek Black,USB Type-C,
Infinix,Smart 20,Phone,2026,4GB,MediaTek Helio G81 Ultimate,6.78 inches,120Hz,8MP,8MP,5200mAh,15W,Android 16; XOS 16,,,IPS LCD,IP64,,4G LTE; Wi-Fi 802.11a/b/g/n/ac; Bluetooth 5.3; GPS,,,,,,Sleek Black,USB Type-C,
Infinix,Hot 60,Phone,2025,8GB,MediaTek Helio G100,6.78 inches,120Hz,50MP,8MP,5000mAh,18W,Android 15; XOS 15,,,IPS LCD,IP54,,4G LTE; Wi-Fi 802.11a/b/g/n/ac; Bluetooth 5.3; GPS; NFC,,,,,,Sleek Black,USB Type-C,
Infinix,Hot 60 Pro,Phone,2025,8GB,MediaTek Helio G200,6.78 inches,144Hz,50MP,13MP,5160mAh,45W,Android 15; XOS 15,,,LTPS AMOLED,IP64,,4G LTE; Wi-Fi 802.11a/b/g/n/ac; Bluetooth 5.4; GPS; NFC,,,,,,Sleek Black,USB Type-C,
Infinix,Hot 60 Pro+ 5G,Phone,2025,8GB,MediaTek Dimensity 7020,6.78 inches,144Hz,50MP+2MP,13MP,5160mAh,45W,Android 15; XOS 15,,,AMOLED,IP64,,5G; Wi-Fi 802.11a/b/g/n/ac; Bluetooth 5.4; GPS; NFC,,,,,,Titanium Grey,USB Type-C,
Infinix,Hot 60i 4G,Phone,2025,8GB,MediaTek Helio G81 Ultimate,6.7 inches,120Hz,50MP,8MP,5160mAh,45W,Android 15; XOS 15,,,IPS LCD,IP54,,4G LTE; Wi-Fi 802.11a/b/g/n/ac; Bluetooth 5.3; GPS,,,,,,Sleek Black,USB Type-C,
Infinix,Hot 60i 5G,Phone,2025,4GB,MediaTek Dimensity 6400,6.75 inches,120Hz,50MP,5MP,6000mAh,18W,Android 15; XOS 15.1,,,IPS LCD,IP64,,5G; Wi-Fi 802.11a/b/g/n/ac; Bluetooth 5.4; GPS,,,,,,Sleek Black,USB Type-C,
Infinix,Hot 70,Phone,2026,8GB,MediaTek Helio G100 Ultimate,6.78 inches,120Hz,50MP,8MP,6000mAh,45W,Android 16; XOS 16,,,IPS LCD,IP65,,4G LTE; Wi-Fi 802.11a/b/g/n/ac; Bluetooth 5.4; GPS; NFC,,,,,,Silk Black,USB Type-C,
Infinix,Hot 70 Pro,Phone,2026,8GB,MediaTek Helio G200 Ultimate,6.78 inches,144Hz,50MP,13MP,6000mAh,45W,Android 16; XOS 16,,,AMOLED,IP66,,4G LTE; Wi-Fi 6; Bluetooth 5.4; GPS; NFC,,,,,,Titanium Grey,USB Type-C,
Infinix,Hot 70 Pro 5G,Phone,2026,12GB,MediaTek Dimensity 7050,6.78 inches,144Hz,50MP+8MP,16MP,6000mAh,67W,Android 16; XOS 16,,,AMOLED,IP66,,5G; Wi-Fi 6; Bluetooth 5.4; GPS; NFC,,,,,,Cyber Black,USB Type-C,
Infinix,Hot 70 5G,Phone,2026,6GB,MediaTek Dimensity 7050,6.78 inches,120Hz,50MP,16MP,6000mAh,33W,Android 16; XOS 16,,,IPS LCD,IP66,,5G; Wi-Fi 802.11a/b/g/n/ac; Bluetooth 5.4; GPS,,,,,,Black,USB Type-C,
Infinix,Note Edge 5G,Phone,2026,8GB,MediaTek Dimensity 7100,6.78 inches,120Hz,50MP,13MP,6500mAh,45W,Android 16; XOS 16,,,Curved AMOLED,IP64,,5G; Wi-Fi 6; Bluetooth 5.4; GPS; NFC,,,,,,Black,USB Type-C,
Infinix,Note 60,Phone,2026,8GB,MediaTek Dimensity 7400 Ultimate,6.78 inches,144Hz,50MP+8MP,13MP,6500mAh,45W,Android 16; XOS 16,,,AMOLED,IP64,,5G; Wi-Fi 6; Bluetooth 5.4; GPS; NFC,,,,,,Titanium Grey,USB Type-C,
Infinix,Note 60 Pro,Phone,2026,12GB,Snapdragon 7s Gen 4,6.78 inches,144Hz,50MP+8MP,13MP,6500mAh,90W,Android 16; XOS 16,,,AMOLED,IP64,,5G; Wi-Fi 6; Bluetooth 5.4; GPS; NFC,,,,,,Titanium Grey,USB Type-C,
Infinix,Note 60 Ultra,Phone,2026,12GB,MediaTek Dimensity 8400 Ultimate,6.78 inches,144Hz,200MP+50MP+8MP,32MP,7000mAh,100W,Android 16; XOS 16,,,LTPS AMOLED,IP64,,5G; Wi-Fi 6; Bluetooth 5.4; GPS; NFC; eSIM,,,,,,Supercar Titanium,USB Type-C,
Infinix,GT 20 Pro 5G,Phone,2024,12GB,MediaTek Dimensity 8200 Ultimate,6.78 inches,144Hz,108MP+2MP+2MP,32MP,5000mAh,45W,Android 14; XOS 14,,,AMOLED,IP54,,5G; Wi-Fi 6; Bluetooth 5.3; GPS; GLONASS; GALILEO; NFC; Infrared,,,,,,Mecha Blue,USB Type-C,
Infinix,GT 30 5G,Phone,2025,8GB,MediaTek Dimensity 7300,6.78 inches,144Hz,50MP+2MP,16MP,5000mAh,45W,Android 15; XOS 15,,,AMOLED,IP54,,5G; Wi-Fi 6; Bluetooth 5.3; GPS; NFC,,,,,,Cyber Black,USB Type-C,
Infinix,GT 30 Pro 5G,Phone,2025,12GB,MediaTek Dimensity 8350 Ultimate,6.78 inches,144Hz,108MP+8MP,13MP,5500mAh,45W,Android 15; XOS 15,,,LTPS AMOLED,IP64,,5G; Wi-Fi 6; Bluetooth 5.4; GPS; GLONASS; GALILEO; NFC; Infrared; Wireless Charging,,,,,,Dark Flare,USB Type-C,
Infinix,GT 50 Pro 5G,Phone,2026,12GB,MediaTek Dimensity 8400 Ultimate,6.78 inches,144Hz,50MP+8MP,13MP,6500mAh,90W,Android 16; XOS 16,,,AMOLED,IP64,,5G; Wi-Fi 6; Bluetooth 5.4; GPS; NFC,,,,,,Silver Glacier,USB Type-C,
Infinix,GT 50 Pro 5G,Phone,2026,12GB,MediaTek Dimensity 8400 Ultimate,6.78 inches,144Hz,50MP+8MP,13MP,6500mAh,90W,Android 16; XOS 16,,,AMOLED,IP64,,5G; Wi-Fi 6; Bluetooth 5.4; GPS; NFC,,,,,,Silver Glacier,USB Type-C,
Infinix,Note 50 4G,Phone,2025,8GB,MediaTek Helio G100 Ultimate,6.78 inches,144Hz,50MP,32MP,5200mAh,45W,Android 15; XOS 15,,,AMOLED,IP64,,4G LTE; Wi-Fi 802.11a/b/g/n/ac; Bluetooth 5.4; GPS; NFC; Infrared,,,,,,Shadow Black,USB Type-C,
Infinix,Note 50 5G,Phone,2025,8GB,MediaTek Dimensity 7020,6.78 inches,144Hz,50MP,32MP,5200mAh,45W,Android 15; XOS 15,,,AMOLED,IP64,,5G; Wi-Fi 802.11a/b/g/n/ac; Bluetooth 5.4; GPS; NFC; Infrared,,,,,,Shadow Black,USB Type-C,
Infinix,Note 50 Pro 4G,Phone,2025,12GB,MediaTek Helio G100 Ultimate,6.78 inches,144Hz,50MP+8MP,32MP,5200mAh,90W,Android 15; XOS 15,,,AMOLED,IP64,,4G LTE; Wi-Fi 802.11a/b/g/n/ac; Bluetooth 5.4; GPS; NFC; Infrared,,,,,,Titanium Grey,USB Type-C,
Infinix,Note 50 Pro+ 5G,Phone,2025,12GB,MediaTek Dimensity 8350 Ultimate,6.78 inches,144Hz,50MP+50MP+8MP,32MP,5200mAh,100W,Android 15; XOS 15,,,AMOLED,IP64,,5G; Wi-Fi 6; Bluetooth 5.4; GPS; NFC; Infrared,,,,,,Enchanted Purple,USB Type-C,
Infinix,Note 50s 5G,Phone,2025,8GB,MediaTek Dimensity 7020,6.78 inches,120Hz,50MP,16MP,5000mAh,33W,Android 15; XOS 15,,,AMOLED,IP54,,5G; Wi-Fi 802.11a/b/g/n/ac; Bluetooth 5.3; GPS; NFC,,,,,,Vintage Green,USB Type-C,
Infinix,Note 50x 5G,Phone,2025,8GB,MediaTek Dimensity 6300,6.7 inches,120Hz,50MP,8MP,5000mAh,18W,Android 15; XOS 15,,,IPS LCD,IP54,,5G; Wi-Fi 802.11a/b/g/n/ac; Bluetooth 5.2; GPS,,,,,,Mint Green,USB Type-C,
Infinix,Note Edge 5G,Phone,2026,8GB,MediaTek Dimensity 7100,6.78 inches,120Hz,50MP,13MP,6500mAh,45W,Android 16; XOS 16,,,Curved AMOLED,IP64,,5G; Wi-Fi 6; Bluetooth 5.4; GPS; NFC,,,,,,Black,USB Type-C,
Infinix,Note 60 Pro Pininfarina Edition 5G,Phone,2026,8GB/12GB,Snapdragon 7s Gen 4,6.78 inches,144Hz,50MP+8MP,13MP,6500mAh,90W,Android 16; XOS 16,,,AMOLED,IP64,,5G; Wi-Fi 6; Bluetooth 5.4; GPS; NFC; eSIM,,,,,,Pininfarina Racing Edition,USB Type-C,

#Honor

HONOR,10 Play,Phone,2025,4GB,MediaTek Helio G81,6.74 inches,120Hz,13MP,5MP,5000mAh,10W,Android 15 (Go edition); MagicOS 9,,,TFT LCD,IP52,,4G LTE; Wi-Fi 802.11a/b/g/n/ac; Bluetooth 5.1; GPS; GLONASS; Beidou; Galileo,,,,,,Ocean Cyan,USB Type-C,
HONOR,X5c,Phone,2025,4GB,MediaTek Helio G81,6.74 inches,120Hz,50MP,5MP,5260mAh,15W,Android 15; MagicOS 9,,,TFT LCD,IP52,,4G LTE; Wi-Fi 802.11a/b/g/n/ac; Bluetooth 5.1; GPS; GLONASS; Beidou; Galileo,,,,,,Midnight Black,USB Type-C,
HONOR,X5c Plus,Phone,2025,4GB,MediaTek Helio G81,6.74 inches,120Hz,50MP+0.08MP,5MP,5260mAh,15W,Android 15; MagicOS 9,,,TFT LCD,IP52,,4G LTE; Wi-Fi 802.11a/b/g/n/ac; Bluetooth 5.1; GPS; GLONASS; Beidou; Galileo,,,,,,Ocean Cyan,USB Type-C,
HONOR,X6c,Phone,2025,8GB,MediaTek Helio G81 Ultra,6.61 inches,120Hz,50MP,5MP,5300mAh,35W,Android 15; MagicOS 9,,,TFT LCD,IP64,,4G LTE; Wi-Fi 802.11a/b/g/n/ac; Bluetooth 5.1; GPS; GLONASS; Beidou; Galileo; NFC,,,,,,Midnight Black,USB Type-C,
HONOR,X7d,Phone,2025,8GB,Snapdragon 680 4G,6.77 inches,120Hz,50MP+2MP,5MP,6000mAh,35W,Android 15; MagicOS 9,,,TFT LCD,IP65,,4G LTE; Wi-Fi 802.11a/b/g/n/ac; Bluetooth 5.0; GPS; GLONASS; Beidou; Galileo; NFC,,,,,,Midnight Black,USB Type-C,
HONOR,X7d 5G,Phone,2025,8GB,Snapdragon 6s Gen 3,6.77 inches,120Hz,50MP+2MP,5MP,6500mAh,35W,Android 15; MagicOS 9,,,TFT LCD,IP65,,5G; Wi-Fi 802.11a/b/g/n/ac; Bluetooth 5.1; GPS; GLONASS; Beidou; Galileo; NFC,,,,,,Desert Gold,USB Type-C,
HONOR,X8d,Phone,2026,8GB,Snapdragon 685,6.7 inches,120Hz,108MP+5MP+2MP,50MP,5000mAh,35W,Android 16; MagicOS 10,,,AMOLED,IP64,,4G LTE; Wi-Fi 802.11a/b/g/n/ac; Bluetooth 5.0; GPS; GLONASS; Beidou; Galileo; NFC,,,,,,Titanium Silver,USB Type-C,
HONOR,X9d 5G,Phone,2026,12GB,Snapdragon 6 Gen 3,6.78 inches,120Hz,108MP+5MP,16MP,6600mAh,66W,Android 16; MagicOS 10,,,AMOLED,IP68,,5G; Wi-Fi 802.11a/b/g/n/ac; Bluetooth 5.1; GPS; GLONASS; Beidou; Galileo; NFC,,,,,,Midnight Black,USB Type-C,
HONOR,600 Lite 5G,Phone,2026,12GB,MediaTek Dimensity 7020,6.7 inches,120Hz,108MP+5MP+2MP,50MP,5200mAh,35W,Android 16; MagicOS 10,,,AMOLED,IP64,,5G; Wi-Fi 802.11a/b/g/n/ac; Bluetooth 5.3; GPS; GLONASS; Beidou; Galileo; NFC,,,,,,Emerald Green,USB Type-C,
HONOR,600 5G,Phone,2026,12GB,Snapdragon 7 Gen 3,6.7 inches,120Hz,50MP+12MP,50MP,5200mAh,100W,Android 16; MagicOS 10,,,OLED,IP65,,5G; Wi-Fi 6; Bluetooth 5.3; GPS; GLONASS; Beidou; Galileo; NFC; Infrared,,,,,,Black,USB Type-C,
HONOR,600 Pro 5G,Phone,2026,16GB,Snapdragon 8s Gen 3,6.78 inches,120Hz,50MP+50MP+12MP,50MP,5200mAh,100W,Android 16; MagicOS 10,,,OLED,IP65,,5G; Wi-Fi 7; Bluetooth 5.3; GPS; GLONASS; Beidou; Galileo; NFC; Infrared,,,,,,Ocean Cyan,USB Type-C,
HONOR,Magic V6 5G,Phone,2026,16GB,Snapdragon 8 Elite Gen 5,7.95 inches,120Hz,50MP+64MP+50MP,20MP,6660mAh,80W,Android 16; MagicOS 10,,,Foldable LTPO2 AMOLED,IP69,,5G; Wi-Fi 7; Bluetooth 6.0; GPS; GLONASS; Beidou; Galileo; NFC; Infrared; eSIM; 66W Wireless Charging,,,,,,Black / Gold / Red / White,USB Type-C,

Xiaomi,Redmi A7 Pro,Phone,2026,4GB,MediaTek Helio G81,6.71 inches,120Hz,50MP,8MP,5000mAh,18W,Android 15 (Go edition); HyperOS 2,,,IPS LCD,IP54,,4G LTE; Wi-Fi 802.11a/b/g/n/ac; Bluetooth 5.3; GPS; GLONASS; Beidou; Galileo,,,,,,Midnight Black,USB Type-C,
Xiaomi,Redmi 15C 5G,Phone,2025,6GB,MediaTek Dimensity 6300,6.88 inches,120Hz,50MP,8MP,5160mAh,18W,Android 15; HyperOS 2,,,IPS LCD,IP54,,5G; Wi-Fi 802.11a/b/g/n/ac; Bluetooth 5.3; GPS; GLONASS; Beidou; Galileo; NFC,,,,,,Midnight Black,USB Type-C,
Xiaomi,Redmi 15 5G,Phone,2025,8GB,Snapdragon 6s Gen 3,6.9 inches,144Hz,50MP,8MP,7000mAh,33W,Android 15; HyperOS 2,,,IPS LCD,IP64,,5G; Wi-Fi 802.11a/b/g/n/ac; Bluetooth 5.1; GPS; GLONASS; Beidou; Galileo; NFC; Infrared,,,,,,Titan Gray,USB Type-C,
Xiaomi,Redmi Note 14 Pro 5G,Phone,2025,12GB,MediaTek Dimensity 7300 Ultra,6.67 inches,120Hz,200MP+8MP+2MP,20MP,5110mAh,45W,Android 14; HyperOS,,,AMOLED,IP68,,5G; Wi-Fi 6; Bluetooth 5.4; GPS; GLONASS; Beidou; Galileo; QZSS; NFC; Infrared,,,,,,Lavender Purple,USB Type-C,
Xiaomi,Redmi Note 15,Phone,2025,8GB,MediaTek Dimensity 7020,6.67 inches,120Hz,108MP+8MP,16MP,5500mAh,33W,Android 15; HyperOS 2,,,AMOLED,IP64,,5G; Wi-Fi 802.11a/b/g/n/ac; Bluetooth 5.3; GPS; GLONASS; Beidou; Galileo; NFC; Infrared,,,,,,Onyx Black,USB Type-C,
Xiaomi,Redmi Note 15 Pro 4G,Phone,2025,8GB,MediaTek Helio G100 Ultra,6.67 inches,120Hz,200MP+8MP+2MP,16MP,6000mAh,45W,Android 15; HyperOS 2,,,AMOLED,IP65,,4G LTE; Wi-Fi 802.11a/b/g/n/ac; Bluetooth 5.3; GPS; GLONASS; Beidou; Galileo; NFC; Infrared,,,,,,Midnight Black,USB Type-C,
Xiaomi,Redmi Note 15 Pro 5G,Phone,2025,12GB,MediaTek Dimensity 7400 Ultra,6.83 inches,120Hz,200MP+8MP,20MP,6580mAh,45W,Android 15; HyperOS 2,,,AMOLED,IP68,,5G; Wi-Fi 6; Bluetooth 5.4; GPS; GLONASS; Beidou; Galileo; QZSS; NFC; Infrared,,,,,,Glacier Blue,USB Type-C,
Xiaomi,Redmi Note 15 Pro+ 5G,Phone,2025,16GB,Snapdragon 7s Gen 3,6.83 inches,120Hz,200MP+50MP+8MP,32MP,6200mAh,90W,Android 15; HyperOS 2,,,AMOLED,IP68,,5G; Wi-Fi 6E; Bluetooth 5.4; GPS; GLONASS; Beidou; Galileo; QZSS; NFC; Infrared; eSIM,,,,,,Midnight Black,USB Type-C,
Xiaomi,Redmi Pad 2,Tablet,2025,8GB,MediaTek Helio G100 Ultra,11.0 inches,90Hz,8MP,5MP,9000mAh,18W,Android 15; HyperOS 2,,,IPS LCD,IP54,,4G LTE; Wi-Fi 802.11a/b/g/n/ac; Bluetooth 5.3; GPS; GLONASS; Beidou; Galileo; QZSS,,,,,,Graphite Gray,USB Type-C,
Xiaomi,Pad 8,Tablet,2025,12GB,Snapdragon 8s Gen 4,11.2 inches,144Hz,13MP,8MP,9200mAh,45W,Android 16; HyperOS 3,,,IPS LCD,,,Wi-Fi 7; Bluetooth 5.4; Infrared,,,,,,Black,USB Type-C,
Xiaomi,Pad 8 Pro,Tablet,2025,16GB,Snapdragon 8 Elite,11.2 inches,144Hz,50MP,32MP,9200mAh,67W,Android 16; HyperOS 3,,,IPS LCD,,,Wi-Fi 7; Bluetooth 5.4; Infrared,,,,,,Gray,USB Type-C,

# Realme

Realme,GT 8 5G,Phone,2025,16GB,Snapdragon 8 Elite,6.79 inches,144Hz,50MP+50MP+8MP,16MP,7000mAh,100W,Android 16; Realme UI 7.0,,,LTPO AMOLED,IP69,,5G; Wi-Fi 7; Bluetooth 6.0; GPS; GLONASS; Beidou; Galileo; QZSS; NFC; Infrared,,,,,,Urban Blue,USB Type-C,
Realme,GT 8 Pro 5G,Phone,2025,16GB,Snapdragon 8 Elite Gen 5,6.79 inches,144Hz,50MP+200MP+50MP,32MP,7000mAh,120W,Android 16; Realme UI 7.0,,,AMOLED,IP69,,5G; Wi-Fi 7; Bluetooth 6.0; GPS; GLONASS; Beidou; Galileo; QZSS; NFC; Infrared; 50W Wireless Charging,,,,,,Urban Blue,USB Type-C,
Realme,16 Pro 5G,Phone,2026,12GB,MediaTek Dimensity 7300 Max,6.78 inches,144Hz,200MP+8MP,50MP,7000mAh,80W,Android 16; Realme UI 7.0,,,AMOLED,IP69,,5G; Wi-Fi 6; Bluetooth 5.4; GPS; GLONASS; Beidou; Galileo; Infrared,,,,,,Orchid Purple,USB Type-C,
Realme,16 Pro+ 5G,Phone,2026,12GB,Snapdragon 7 Gen 4,6.8 inches,144Hz,200MP+50MP+8MP,50MP,7000mAh,80W,Android 16; Realme UI 7.0,,,AMOLED,IP69,,5G; Wi-Fi 6; Bluetooth 5.4; GPS; GLONASS; Beidou; Galileo; NFC; Infrared,,,,,,Master Gold,USB Type-C,
Realme,C85 5G,Phone,2025,8GB,MediaTek Dimensity 6300,6.8 inches,120Hz,50MP,8MP,7000mAh,45W,Android 15; Realme UI 6.0,,,IPS LCD,IP69,,5G; Wi-Fi 802.11a/b/g/n/ac; Bluetooth 5.3; GPS; GLONASS; Beidou; Galileo,,,,,,Peacock Green,USB Type-C,
Realme,16 5G,Phone,2026,12GB,MediaTek Dimensity 6400 Turbo,6.57 inches,120Hz,50MP+2MP,50MP,7000mAh,60W,Android 16; Realme UI 7.0,,,AMOLED,IP69,,5G; Wi-Fi 802.11a/b/g/n/ac; Bluetooth 5.3; GPS; GLONASS; Beidou; Galileo; QZSS; Infrared,,,,,,Air Black,USB Type-C,
Realme,P4 Power 5G,Phone,2026,12GB,MediaTek Dimensity 7400 Ultra,6.8 inches,144Hz,50MP+8MP,16MP,10001mAh,80W,Android 16; Realme UI 7.0,,,AMOLED,IP69,,5G; Wi-Fi 6; Bluetooth 5.2; GPS; GLONASS; Beidou; Infrared,,,,,,Trans Orange,USB Type-C,
Realme,P4R 5G,Phone,2026,8GB,MediaTek Dimensity 7020,6.72 inches,120Hz,50MP+2MP,8MP,7000mAh,45W,Android 16; Realme UI 7.0,,,IPS LCD,IP65,,5G; Wi-Fi 802.11a/b/g/n/ac; Bluetooth 5.3; GPS; GLONASS; Beidou,,,,,,Steel Blue,USB Type-C,
Realme,C83 5G,Phone,2026,6GB,MediaTek Dimensity 6300,6.8 inches,144Hz,13MP,5MP,7000mAh,15W,Android 16; Realme UI 7.0,,,IPS LCD,IP64,,5G; Wi-Fi 802.11a/b/g/n/ac; Bluetooth 5.3; GPS; GLONASS; Beidou; Galileo; QZSS,,,,,,Blooming Purple,USB Type-C,
Realme,NARZO 100x 5G,Phone,2026,6GB,MediaTek Dimensity 6300,6.81 inches,144Hz,50MP,8MP,8000mAh,45W,Android 16; Realme UI 7.0,,,IPS LCD,IP65,,5G; Wi-Fi 802.11a/b/g/n/ac; Bluetooth 5.4; GPS; GLONASS,,,,,,Speed Silver,USB Type-C,
Realme,NARZO 100 Lite 5G,Phone,2026,6GB,MediaTek Dimensity 6300,6.72 inches,120Hz,32MP,8MP,6000mAh,33W,Android 16; Realme UI 7.0,,,IPS LCD,IP64,,5G; Wi-Fi 802.11a/b/g/n/ac; Bluetooth 5.3; GPS; GLONASS; Beidou,,,,,,Nitro Blue,USB Type-C,
